country,Life Ladder,Log GDP per capita,Social support,Healthy life expectancy at birth,Freedom to make life choices,Generosity,Perceptions of corruption,Positive affect,Negative affect,Confidence in national government,Democratic Quality,Delivery Quality,Standard deviation of ladder by country-year,Standard deviation/Mean of ladder by country-year
Afghanistan,-1.332548955884898,-1.5022960350095076,-2.4505608699539962,-1.6198177593904477,-1.1458281975224154,0.9331002795626672,0.31484635694272123,-1.1179991591417406,0.40307255170980966,-0.2951575460146636,-1.808980039866613,-1.3931555887810978,-0.7021335121276527,0.49753901492264824
Albania,-0.35746419369896004,-0.026780429315609134,-0.6603599393747126,0.7383774489251955,-0.769630111887753,-0.6950354032299353,0.5650512656811446,-0.6561902481266979,0.4801856488322639,-0.2538744488977734,0.1605293735501024,-0.26877764296189266,0.5490604153353937,0.5243638943013288
Algeria,0.17572536752850532,0.25196917086426557,-0.048150317847881416,0.26330037459379224,-0.6392101020903291,-0.8266281039291232,-0.3548912996244476,-0.7300559392143288,-0.020226710506756663,-3.350343478888483e-16,-1.013928903366388,-0.7000526441696381,-0.5183343235244711,-0.5453029923025297
Angola,-0.8988629701973758,-0.33183144426747624,-0.6159988553292811,-2.1281890123367386,-1.8508670684847,-0.5479840592236107,0.6156685139409327,-0.9023204296755656,1.1031602499342104,-0.4069750674212199,-0.7621727126080037,-1.3783716741803191,0.6483306756569934,1.1505412320204336
Argentina,0.9012108084690957,0.212170424427467,0.7988034174013695,0.5795810870093056,0.15292444281954418,-0.4660524626347526,0.4900992986051429,1.2524809954110463,0.13604544570329288,-0.33546478902912286,0.3197395683971464,-0.5101297111882747,0.199993974897958,-0.5524878955984742
Armenia,-0.9208120089837517,-0.2883940916121104,-0.8846414490518711,0.35692637571562735,-1.4665116028575371,-1.26220904617887,0.7104727145084571,-1.6237241887671006,2.0885558937310225,-0.9519065221201718,-0.2329157656051403,-0.194473794629947,0.2329147106682731,0.7821580038931496
Australia,1.681101582486909,1.233514285477128,1.1624286068734215,1.2251458093272842,1.3926146484289388,1.706974773167681,-1.9233017489258473,0.9649704936544536,-0.5258611847724398,0.2826206338861216,1.3935112698987164,1.6832269153394186,-0.7262284885826341,-1.2982040241980304
Austria,1.6040091722529448,1.2670389123291386,1.0077621105188395,1.1002602508158827,1.2718956442234375,0.9814995342892102,-0.8300162852549494,0.8454315608631199,-1.1374230726633214,-0.29971681579808856,1.4925073976920358,1.514068395972303,-0.5783289245921882,-1.2073614148665164
Azerbaijan,-0.48903039017916367,0.35875377715947215,-0.4504081199819818,-0.045527879191211845,-0.6597386010984951,-1.1536274362135563,-0.1039828628390176,-1.3745812372475212,-0.20603804464583567,1.7083078918402983,-0.8003575958467948,-0.6815220215061534,-0.7398773571678245,-0.2504119670622701
Bahrain,0.3445474175505242,1.2299798813367118,0.5488241359054956,0.43862039701241673,0.6825806205062421,-0.04692035942628449,-0.6998634874164411,-0.13686697323727665,1.2285750727396105,-3.350343478888483e-16,-0.8335989225075615,0.43184777193564877,0.15485236812595587,-0.2618480438707389
Bangladesh,-0.6158567350001988,-1.1504906078670254,-2.025597323479871,-0.19352242577223408,-0.11161642439921247,-0.17255121644547303,0.04696507991139045,-0.5335723769807202,-0.13909574357434626,1.6600634349320733,-0.8115630187026643,-0.82969443786536,-0.25334367182607126,0.15016947903214806
Belarus,0.1356489998523936,0.3751090033588771,0.8017745696374615,0.19269649517574258,-0.38664566718106586,-1.1629455435196594,-0.41951248389267587,-1.1520797000845182,-0.5189447823261892,0.3364799478491393,-0.6137990010264969,-0.9209287722973741,-0.29812477105607554,-0.41025194920792135
Belgium,1.428535794941868,1.208522084552515,0.9509911221525531,1.1266843311000878,1.0383628746719884,-0.017544641322519185,-0.7571565112103984,0.9087892749698454,-0.25633425899708795,-0.038576722665242515,1.2759604667915745,1.3295207811805074,-1.1137643013475305,-1.3903627844874102
Belize,0.6905247070851294,-0.1887085465752203,0.02911112553540135,-0.4114983453164468,0.4533793999265411,0.06820258756744518,0.10985523202455126,0.43938931590933616,0.07046218000627343,-0.8748656072083445,0.5895424058136829,-0.5180471048586298,0.719830793911,-0.16565853270113576
Benin,-1.661403158000833,-1.435262117652547,-2.7901763982915395,-1.461752214834055,0.09744539735327534,-0.2423134407013229,0.43112405513888574,-0.9436928025331751,0.4514396858700726,0.7977388456214216,0.38131420409036737,-0.4950065570373165,-0.602191616650215,0.9706639574888892
Bhutan,-0.20679972623093476,-0.25135903721596004,0.31834769401685037,-0.20664255407975066,0.6980121086071834,2.0003045980910064,-0.33235453518289054,0.9895905998191622,0.29194512950622786,2.9974553657692145,0.44280125963606015,0.11966282314552475,-2.0007014435094677,-1.2486844800274268
Bolivia,0.28254106307090726,-0.4815284026081727,-0.016857339349930636,-0.48866354919457855,0.5856524543942627,-0.20216613072435044,0.33560796889868116,0.6160552116159917,1.5656273456768126,-0.12197691891989491,-0.1702413768462051,-0.6902414609674122,-0.2027172335535251,-0.4432698639500476
Bosnia and Herzegovina,-0.3850099215254815,-0.0342114124641402,-0.4720910737113275,0.6419586212486259,-2.0965536991868383,0.13457245703290807,1.080330969635997,-1.3437668813130088,0.7879604837858675,-1.0565100684637452,-0.17498056655052735,-0.30386476780960464,0.6332596490516429,0.5300467565134546
Botswana,-1.1230127814332507,0.29708614049402904,0.2582445693409543,-0.9893734304097419,0.6701511987918353,-1.188270598465171,0.15625173952424246,0.03869396842582265,-0.531014747973938,1.8005301719639621,0.8910705461520158,0.5860250983654777,0.604635265009851,1.3858707217480837
Brazil,1.1762440351967018,0.2991040441337796,0.7482685109555768,0.1984708198666999,0.5262533583432365,-0.41662334307929816,-0.26049920767361284,0.8705089114743686,0.35368169221663154,-0.4205147923298149,0.3303370571404478,-0.08029286251678526,0.7755633375713079,-0.403010336241667
Bulgaria,-1.05200010577826,0.40755149233691823,0.4551680265829407,0.5670366258933403,-0.7424275429678173,-1.0865208988329422,1.0725735935682967,-1.0710546820039781,-0.3203455675837097,-1.2730704309910161,0.48139899560993105,0.07088710067625993,0.14868757981681513,0.8750641378741997
Burkina Faso,-1.2848892203771558,-1.6448708132670227,-0.533680516571031,-1.538300093516659,-0.5303357234841548,-0.12308627576479132,0.07740001397777321,-0.9869344228648222,0.2516827788187819,0.5395906423784166,-0.1770707611861711,-0.38192882948786483,-0.818999318678933,0.3841821682555037
Burundi,-1.7270242953324035,-2.2515943341938014,-3.4539094945405084,-1.8072668272423489,-2.2225277374713386,-0.13086971822886237,0.05533843986221569,-0.9688362870336034,-0.5563523600943074,-3.350343478888483e-16,-1.2619913533775389,-1.2419702480098878,-0.636908691679227,1.1566611031958802
Cambodia,-1.2184682673755343,-1.1131825336699868,-0.9031792857978761,-0.6671427415866635,1.2860488427670393,1.3623148149668414,0.5678933601111713,0.6588524857910483,1.2385737216523165,-3.350343478888483e-16,-0.5265647819517979,-0.8383916084689663,-0.49006472829460485,0.5557999633051985
Cameroon,-0.8818934647007431,-1.1172862868300206,-0.7707905266210507,-1.8991310856182402,0.05099529312144524,-0.07661471647433095,0.7481986888167445,-0.7957245843726355,0.27173012922149975,0.3030628129727195,-0.7023190587126776,-0.9072024923613451,0.033910173846369525,0.5850267078631352
Canada,1.799686089756542,1.2273165752807162,0.9741342621659478,1.1634016542191523,1.4250361787448549,1.5757687345887488,-1.8350841869201142,1.3857395531726981,-0.1854215408314165,0.5921879318645423,1.4477169637303025,1.7198688884006188,-0.7413735849981336,-1.340884711327625
Central African Republic,-1.697254842672528,-1.5486032433972943,-3.2651965298901997,-2.5817625223402394,-0.23906373920051385,0.17204707528061258,0.41246480471962943,-1.5090625822216381,0.9619119834914104,1.5829581837215394,-1.3082466160625428,-1.0476007430013419,-0.5574517271476381,1.2829811115104264
Chad,-1.3272676685137397,-1.4209753697115288,-1.119455538048629,-2.2744852749291224,-1.7405772309082372,-0.030000572894898138,0.7474137497585102,-1.3924634334407298,0.49886553080094215,-0.8068810094936797,-1.404150764853112,-1.259828829581347,-0.7978810311127947,0.4226152567485389
Chile,0.8742219163853426,0.6057388331372473,0.21942946126417348,1.043829900790319,-0.03576477777581156,0.8081679676114791,-0.03785064604483965,0.9795746425975683,0.5939200128606917,-0.42213965792041735,0.9688627986101234,1.3022206085191377,0.4050330993062858,-0.425886105034895
China,-0.41655699514370603,0.00046446766207790637,-0.26170081206247703,0.7578405957031258,0.3286595562688437,-1.144794256794305,0.0,0.9797680194879976,-1.3302839265581083,-3.350343478888483e-16,-0.9871071227296891,-0.23676288454531977,-0.21268528888408378,0.016291109043110773
Colombia,0.7952605289599757,0.12193300951972615,0.7186142401846503,0.15343196991600527,0.5677190065354405,-0.4215903029036259,0.5082055118617479,1.091053330356951,0.3489456234748114,-0.31012106207463713,-0.7417172192148507,-0.10977166291881969,1.2048890853111758,0.007728000979699965
Comoros,-1.478074556745987,-1.7079951157775288,-0.9529095336914752,-1.0951815013004984,-1.4252158564875401,-0.05608385603894778,-0.0841860582838673,-0.37655007635302595,-0.9430435358287373,-0.346788926008059,-0.4473081438963537,-1.4389726071990316,-1.4065155704637615,0.06368412038754752
Congo (Brazzaville),-1.1372530237516985,-0.4700969108821987,-1.4917340638944678,-1.234375349736393,-0.0001573470341505377,-0.8976464358994355,0.229226765237673,-1.0538928990215939,0.5933333453557764,0.08354877037798555,-0.6039440936073486,-0.9902472803918713,1.2358628720158151,1.791156131376576
Congo (Kinshasa),-0.9581594575294873,-2.3064904477938426,-0.17789319750175991,-1.56225817665,-1.0603901039167247,0.09694621209735636,0.5262710268891897,-1.1261654750166636,-0.1495716426228902,-0.7401929243269972,-1.5446021404996664,-1.236645006292182,-1.0252935651992958,-0.09597333260783336
Costa Rica,1.5749225825708506,0.24218727838139156,0.8053453353387954,0.8533518708079183,1.2448168609391104,0.19907556148177832,0.22286543741005949,1.464936405279303,-0.05365026286849945,-0.5839216327196385,1.00348149912815,0.4343901260942784,0.3098057971049748,-0.7991498804195978
Croatia,0.14551742942513435,0.613958699154197,-0.2013986418050038,0.6055830948076675,-0.9645913397850814,-1.0081688431337048,0.9833739266415061,-0.9756453264076763,0.29504222065057845,-0.6418869381172531,0.7655092573540604,0.34020224453190273,-0.00892615944353315,-0.25226124530199406
Cuba,-0.009540789951364223,0.4043166824274304,1.3340064261038513,0.5336632476582135,-3.056598134861266,-1.442025797534272e-17,0.0,-0.5903776745554197,0.19793897788194542,0.291848118832072,-0.7422625256780705,-0.7177069463593847,0.399409220068218,0.08733743062961237
Cyprus,0.57162432635552,0.9963762417295189,-0.10026056862072265,1.2214289014695763,0.05937778404516926,0.4099604103499416,0.4814263733726094,0.48309299400614214,0.9621911889293874,-0.4761087817800258,0.9368660449311652,1.0798960802614066,0.8372140288870394,-0.009410997989043705
Czech Republic,0.9432547560430906,0.8999142564654199,0.8290535558274442,0.8286136183198278,0.4921710383522648,-0.7814930797421806,0.8968641449221505,-0.1800573668700798,-0.21500228739066546,-0.9983050765863489,1.1368747108379516,0.7503775031629912,-0.1347906066098508,-0.7405659855074544
Denmark,2.029366361097742,1.264995310574941,1.2400091233753634,0.9318312728964543,1.5218961016762356,1.2107270049677714,-3.029309330288537,0.9116172524488433,-0.8035054058910022,0.5104008720285361,1.5460151516164082,1.9796601875012385,-1.1525046101070757,-1.5764140985735744
Djibouti,-0.5402472889039727,-1.125274851272766,-0.4408302349427166,-1.3138419644992378,0.06504228886345,0.035259680162893686,-0.9629211691290249,-0.31220085097001554,-0.7525205690278148,1.182719297828505,-0.4235894627108272,-0.7285491975362212,-0.354947429474503,0.05026206130016486
Dominican Republic,-0.29847110493084794,0.1235525099669646,0.5666588491562105,0.06587114842131575,0.9594555206330859,-0.2177022336772145,0.02357316488034532,0.5779700433007207,0.3614636603890633,0.20471116340750423,0.2227430825819803,-0.5059356176662367,2.757389574151858,1.8013207913226446
Ecuador,0.2644100290922106,-0.011577233597657282,0.15939982340117967,0.5226283110155676,0.15442480933939898,-0.701934065657273,-0.011387769684002659,1.2533701846955874,0.4451401883159102,0.2415182918401035,-0.30626623580730666,-0.8790071927838601,0.6674474825618861,0.06765617384315278
Egypt,-0.6887158457375493,-0.015582628419714839,-0.6236837750301247,-0.16773566726099773,-0.8206964989658551,-0.7474014722083072,0.3232898207292981,-0.9742678769356413,1.1387419456047119,0.4564193969560737,-0.9721674858447119,-0.4235074837194196,0.7672199118391982,0.9680671763593917
El Salvador,0.4107536811770141,-0.2182350001214912,-0.26249129457356263,0.11793270527646062,-0.13029303536168566,-0.8240936332015439,0.0018010761815981354,1.180210105295475,0.4352749228079558,-0.47117214250872674,0.17597515183623264,-0.18964477167864532,0.9170187929452027,0.14336557501690084
Estonia,0.005333622512288727,0.802008023158241,0.7942534852834735,0.4649671707290917,0.06350514421287237,-1.3355693985715964,-0.27381766721169937,-0.42317844372874147,-0.7094783960791468,-0.7166107814814276,1.0421825604760804,1.0841256072319658,-0.44811347696245896,-0.42131661228672923
Ethiopia,-0.8485559688620029,-1.665190021422654,-1.363301282056192,-0.8497877004287584,0.14441456070794828,0.3205188631162209,-0.33236070436162196,-0.11100781992602811,-0.3824556885225684,1.4157660122129905,-0.9231812849995654,-0.45843396844311934,-0.31205672047380134,0.30085747052925144
Finland,1.841480343425665,1.1830561556190444,1.133122361396466,1.0527938990640797,1.4523282749377688,0.17403345139122658,-2.6511463270064817,0.631947204952947,-0.878666558962634,0.5736747774163213,1.6300259977006963,1.8600129229937292,-1.1922952525537331,-1.5450236400561506
France,1.1043643432298926,1.1262395119623272,0.9049517884663802,1.2000595944200494,0.7744557197683842,-0.5441781931896715,-0.5664395503244305,0.6295523411723234,-0.07132885536188456,-0.554892806950684,1.088573199236803,1.3198366525078162,-0.5400068398134533,-1.0010280688616142
Gabon,-1.0598058498503784,0.5187360987983501,-0.533278519171681,-0.8593061872784872,-0.3981701678894796,-1.4266710918893286,0.34313193202324416,-1.375044922244153,0.7124072953060243,-0.41328771687069593,-0.12904536299055522,-0.47182663022243126,0.06630371865166121,0.8062877923948021
Georgia,-1.1839923711185205,-0.2602889012142531,-2.1676776819915213,0.38688763370857193,-0.8160029928405056,-1.4892713682555276,-1.4422573797432081,-1.8387882873283934,-0.28042703605114316,0.1401969240211545,-0.26689035305315084,0.1789504854009776,-0.10924582922547951,0.8081047286352688
Germany,1.1665389628513294,1.2270632617632282,1.0246180582578686,1.0278728950866076,0.9429375983654634,0.489474311417923,-0.6780475352069506,0.5958093400109031,-0.7822010143653224,0.06163686631432529,1.348723092157494,1.5712285227091487,-0.5110271370007695,-1.0161754797234364
Ghana,-0.6644698595122525,-0.935247552960293,-1.0705126363738346,-1.118181380931569,0.5466268627604761,0.40713611400915534,0.6136835292965114,0.06073057126498675,-0.5212376098112833,0.7627156534399464,0.39456700238231796,-0.01267956722181703,0.2737489848240624,0.5956221376536824
Greece,0.0994649909217764,0.8581541891627144,0.012606951941689754,1.0600548297959622,-1.5839150041019687,-1.6697308397516182,0.8599968065117214,-0.36471903964098945,0.7077891545569301,-1.2212356447865846,0.5792493738876255,0.39891716632073826,0.7550326750083761,0.2732833878109367
Guatemala,0.6983192094890249,-0.31780241872306647,0.15361654605466765,-0.0985208321238562,0.24219698084715954,0.6486171614508297,0.2454496115878816,1.2307562312382132,0.2930128310385556,-0.5414855114738222,-0.4092706831055279,-0.5959842112586348,1.3028729030771717,0.12102679621274418
Guinea,-1.5531926961304545,-1.8298723621204396,-1.77807978334231,-1.5415814177257792,-0.151994603583127,0.3829898095046678,0.08229752493048696,-0.4650927986264522,0.6562939361825089,0.7111758791570794,-0.8237896994070818,-0.9209139851797464,-0.41516103230901047,1.013505489540618
Guyana,0.5030276512945825,-0.5354753548028233,0.31674877039500254,-0.5553478419978732,-0.20602427226463013,0.7581902013477165,0.4417673734817176,0.53903255798384,0.4385118857143068,-0.0006504982875726431,-0.11729501024068205,-0.5165286676648345,-0.38881510242718675,-0.664758653224858
Haiti,-1.2678752695930318,-1.5625858183946553,-1.5968655680830723,-1.2357345319443584,-1.9277169792505893,1.8994041411293747,0.06366340134689309,-1.1348107422626872,0.566781782192629,-0.9963647268480516,-0.7343366119785948,-1.1547554077686826,-0.012633606994349924,1.0452051872088253
Honduras,-0.16816937700321766,-0.679996613579503,-0.03258574249452718,0.09926468307071247,-0.23884973675657753,0.5035657466123675,0.5003606157199406,1.0122287464914816,0.010432384139985358,-0.8960141480005365,-0.3242520905255137,-0.6547277831586528,2.1000380076547853,1.2802160528143818
Hong Kong,0.01939218211574545,1.3605392815938968,0.20354655865948817,1.5992538781865275,1.0941520453699956,1.3992399164097167,-2.3757787497420937,0.03839064648586222,-0.5789081955977079,0.6537861197228813,1.024787643543443,1.8190531370113576,-0.30103477771022386,-0.34288452583897305
Hungary,-0.3591672327140193,0.7187570956700291,0.694988630268265,0.47153654078105917,-1.0671557855455889,-0.9047848659434934,0.8891651652868017,-0.35452283537074075,0.03943046721731936,-1.0849375828669847,0.9673545120534139,0.638592751008044,0.12151132120991795,0.19291182210440005
Iceland,1.7554465662567,1.2309779236146883,1.4026834992234163,1.2431365420659153,1.3626459494838221,1.7662878490121527,-0.26674600061238196,1.5381238552586685,-1.2073549343710939,-0.701738601054158,1.1578991167401544,1.15057121793215,-0.8598786058550287,-1.371008358602475
India,-0.6446399142334243,-0.6629702363680239,-1.717360442493512,-0.5165634213087691,0.22101692599519532,-0.03177394128448983,0.5006358852213337,-0.21076749332471198,0.24637530382971723,1.1787811216484017,-0.24623728837032532,-0.21246146755850234,-0.16949956315345854,0.25202231795036883
Indonesia,-0.1873743167668959,-0.1007886912025827,-0.16750575184982694,-0.2815288525432379,0.12031594795758599,2.2840930010092784,1.054688431878746,1.290215775740987,-0.1071880444615196,1.2723512327404352,-0.3046258316507473,-0.42700724418098923,-0.6991177008404709,-0.44771520324727004
Iran,-0.4440268929009245,0.43177183745439807,-1.4553868378668557,0.28417985390133926,-0.2966999000789912,0.6514387857908341,0.06724220512763587,-0.7635641256121449,2.4455065364799666,0.5027005952267668,-1.1781865890298717,-0.8178668526676187,1.1058749537639754,0.9171289578604317
Iraq,-0.6804242269908776,0.26789384073322364,-0.4699170237806135,-0.22805298021438855,-1.5206467463124251,-0.6410586897196744,0.23828920542292517,-1.6892004205619806,2.9880139173150404,-0.2008979488568402,-1.5192889277127388,-1.1836217985678537,0.9010930597485918,1.0210232374422683
Ireland,1.4576501231430843,1.3425912270433151,1.2989693243466713,1.0715652541295102,1.1859883145171635,1.8291290635238517,-1.3630781166823565,1.2157408145239392,-0.5776114383818644,-0.06635321364151157,1.3772346128122814,1.5287545051832463,-0.47925347377175304,-1.1082966279557505
Israel,1.6028132169838256,0.9470695629502441,0.6872074777155555,1.1808821453652245,-0.17009556173091772,0.8263231742024815,0.6019863582820437,-0.25567423657727767,0.7795407365921768,-0.6380218047350562,-0.15660558685790738,0.993512938902396,-0.6150617366383312,-1.2204326912253707
Italy,0.722616284398612,1.0851401911496694,0.7525629276306727,1.2481398138940272,-0.6502310443295335,0.029268515874628198,0.9200670537471666,-0.1745098835053455,0.6091230515291585,-1.0868263384747712,0.9234142756100474,0.41626841663346675,-0.22287501088042322,-0.6793054588479325
Ivory Coast,-1.1853863734027281,-0.9965551803063285,-1.0906624406763217,-2.1302670474136796,0.31681075114603413,-0.35382848532896854,-0.013218720862356648,-0.3512878243552718,0.501778338627522,0.7965207916352999,-0.6308656749085758,-0.5954243976835054,-0.08446650434561605,0.8082981654581906
Jamaica,0.19779257788104954,-0.12550144614932346,0.5436014327587655,0.35331224576790343,0.41583852454421677,-0.15909012655583518,0.8629635986950515,0.5973647121764861,0.058551109608332735,-1.1269236709266326,0.4990611457161468,-0.10462708018829546,1.260086759511772,0.4716054292720637
Japan,0.5510612940963984,1.0739068678441321,0.8335079170729035,1.4891403418070277,0.5464442638156172,-0.7416803980507723,-0.21711760917179268,0.5693027776184975,-0.9602668294366413,-1.0570246595295318,1.1957491943507987,1.3009657293220926,-0.2201809674303178,-0.5965914817422194
Jordan,0.042992096472621436,0.026256976113157356,0.33340515110426333,0.20362004110794896,0.06422778600650081,-0.6285064452391921,-0.12088490909316571,-0.5283248132522882,0.415780972412192,-3.350343478888483e-16,-0.4532827671086688,0.21673254755049046,0.8671247323527052,0.3599465669021877
Kazakhstan,0.24700343420255144,0.6702900158287036,0.602201548600291,-0.0851770312697771,0.4801573648343113,-1.2412024614539325,0.35377015292143416,-0.15634587772116026,-1.1700575350606872,1.4919653509074116,-0.35363496199914546,-0.5544519986768904,-0.27881423853759435,-0.46692691382529167
Kenya,-0.9698962353156556,-1.1410802517666974,-0.0005680530985822511,-1.2907919590484693,-0.2209890364371976,0.7811152238557336,0.6595076464893705,0.40511161599666823,-0.9332424473566673,0.25188501655788204,-0.647494949848401,-0.6194562128252756,-0.4240531576567561,0.3245616006675318
Kosovo,-0.011590257736318088,-0.1537389826607686,-0.22703543507108542,-0.10349642389085567,-1.0724557262791183,0.6496677773437314,0.825327914700849,-0.34124115508831904,-0.9705521591533002,-0.4029663010479155,-0.17940853773986015,-0.38705022629980457,0.26971319461222154,0.019076214780664076
Kuwait,0.7878777331645128,1.7303506709960723,0.5144589842170054,0.3473473404119168,0.47300719547806164,-0.33335000036392315,-0.5977529939550589,0.39549998804385605,-0.3390454062594471,-3.350343478888483e-16,-0.006818688902420879,0.16041427827608767,-0.3235842953140439,-0.7520189074570323
Kyrgyzstan,-0.40746711248458084,-1.0537321135056383,0.4243078571324977,-0.06836789723984306,0.06660344057645194,0.018463326534251936,0.8220990666713028,-0.21641168764521207,-1.3086922080583696,0.05036788407818729,-0.7616216514987634,-0.8303385095959318,-0.7943277153468771,-0.36999493434338854
Laos,-0.37065240563094964,-0.8410954952138994,-0.4521113251320791,-0.8503861125425175,0.9178339429880017,2.6877944744967803,-0.5862532383051691,1.5768248717368805,-0.4598440196609911,-3.350343478888483e-16,-0.906510875408739,-1.184114339695694,-2.2388748801066973,-1.3162364275256617
Latvia,-0.21245786757708748,0.6362558575108214,0.39561312300986706,0.2842796203723071,-0.7316922207714096,-0.7974448194061451,0.7288913153526995,-0.8678534807448021,-0.3617059631960824,-1.4544443507246816,0.8017624988230967,0.636686538688734,-0.5193879006655301,-0.3076111986187765
Lebanon,-0.3499523837323601,0.29436949210032853,-0.47135891736633845,0.7099006648724671,-0.5517038810834988,0.1957520735427267,0.8626646285105625,-1.564072964106697,0.770385097836272,-0.6239014149010433,-0.9190236633969989,-0.4679218593168202,0.8825014129560539,0.6767135051098293
Lesotho,-0.9589840961914337,-1.2021211692786244,-0.0005845442936282183,-2.3912400315514146,-0.3451222103419761,-0.5813621458717088,-0.0022328489960796102,0.49630467288983415,-0.4873637854772626,0.22961357066042543,0.17658578786443868,-0.1449083696081107,2.209801010593455,2.4317909421416175
Liberia,-1.4598008229003216,-2.2300991399771792,-1.1768881814438157,-1.4555974077659408,0.01829411347621902,0.3517375059778262,0.5277751998520309,-1.2198384461806766,1.4001255916891824,0.36477553045299316,-0.3746848100531861,-0.7769947268434297,0.6186076709171671,2.010262994726259
Libya,0.1538322689835859,0.43772360482727574,0.46460998085380156,-0.09013112427604052,0.31549936848117355,-0.5695058493879341,0.06428730024014252,-0.040501943865267925,1.162274484665584,-3.350343478888483e-16,-0.4742349236068623,-0.5529258173230136,1.4948015617481476,0.6103913299572917
Lithuania,0.21370930191346493,0.7270239359528023,0.9138447167160929,0.267218450538341,-1.1184044239982152,-1.7317054434696624,1.1105906428271977,-1.2970626564748144,0.16284376313633242,-1.3903391844017299,1.0131898081622643,0.6661695593290878,-0.20044595551078673,-0.39392282611449797
Luxembourg,1.3799078336498471,1.8935700875996755,0.9648222338355636,1.1915250609675971,1.2760818850938918,0.3158614403601857,-2.0741193401664484,0.6307708738906039,-0.6982463393581534,1.6305854283164019,1.5725503658586952,1.6039092019054564,-1.1802372790848104,-1.4069879238456957
Macedonia,-0.5454062766719936,0.1459385924123176,-0.2086158706314355,0.3899262968501496,-0.872872278335089,-0.0831705827972249,0.5952081926324648,-0.9757562351901821,0.8173973631345156,-0.3480859607565588,-0.005217627081108695,-0.016196925606720366,0.6356293569576604,0.6899414048658337
Madagascar,-1.3517059957131654,-1.677858479851477,-0.8312056490194201,-0.8348531521778992,-1.3638010861238963,-0.25980695710023016,0.42709351526758743,-0.07728836663018734,-0.6278725278204076,0.48979846211865297,-0.3828133013613526,-0.5660420233468892,-1.2691617610762302,0.08790300125419387
Malawi,-1.0718036471321575,-1.9299587932096804,-1.9810267199038334,-1.4945319524855374,0.4312857284164373,0.78964340154425,0.20488535480098535,0.0523320421711074,-0.3378867065047468,0.9220589644749586,0.0410938818164074,-0.43046188196403834,1.2460478230680525,1.7703135572960678
Malaysia,0.4005078416780773,0.6714206768197342,0.1538796068464598,0.27561226039327125,0.5720980939068756,0.5804858883816445,0.3836643698357495,0.870680159930165,-0.5264558610019993,1.4927310305332466,-0.02194565936658271,0.6267694486563447,-0.6293192207390205,-0.7435183670982263
Mali,-1.1757930430623678,-1.420965177829449,-0.14482458332187398,-1.7412786818230166,-0.43696146539561403,-0.2947200091320751,0.18775598855262285,0.3054889423755963,-0.9108800280621845,0.6152344956675684,-0.250622911411031,-0.561961223712498,-0.6554626984152808,0.3744459698596189
Malta,0.7607539534070155,0.5541481240216289,0.9596863670486486,1.1339053728774995,1.035442791995647,1.4280423619709541,-0.16382159947544295,-0.12509747263417864,1.2338167730715843,0.6495151468887275,1.2322701133340315,1.035481131442475,0.18019188819977666,-0.4832436327154755
Mauritania,-0.8987283532532955,-0.8880691453705992,-0.2661207123619521,-1.162688432535075,-1.1255940112785559,-0.010742562089397445,-0.1534766607670066,0.4933385914906861,-1.0207436668061622,-0.429210045454049,-0.7702079304098921,-0.7358212883920425,-0.8282886177352633,-0.013242155052116001
Mauritius,0.13346908717268477,0.48922000526807025,-0.034511616033096465,0.3717067277509425,0.7373379382846083,1.0315980793380772,0.6447440485362302,0.628564521907523,-0.243871611141629,0.8021401044341406,0.853044206918932,0.6575664417703063,0.050680203256900834,-0.2120876293936743
Mexico,1.247965939646145,0.4002212370606493,0.20400268960407014,0.6387419875776832,0.16850563287444867,-0.6763712632958584,-0.23501225413087526,0.9440771690724826,-0.40716644960982484,-0.5677097357409222,-0.16325526642140153,-0.08958622309448044,0.4260860246098759,-0.6040724786440929
Moldova,0.15122304904685596,-0.7511129557123435,0.1906177696702871,0.028134946143364477,-0.7898647981747441,-0.2875191311514687,1.012104896201527,-1.1708400950924778,0.2644493265151247,-1.4555211959783263,-0.04719978600683008,-0.4341724513451119,-0.25427061734074213,-0.38285998366217605
Mongolia,-0.5423952818907211,-0.04729307965685652,0.9379296217474943,-0.08672897143965169,-0.2178421697443877,0.6565266222758125,0.925697172822958,-0.5347290594525022,-1.0165579286970634,-0.821649091135193,0.5156799173002824,-0.3939123343566144,-0.8137372589104034,-0.2902685046820739
Montenegro,-0.2156253114707087,0.30663186911834406,-0.11446694115986854,0.4466406000670575,-1.327577258341969,-0.8472059404681812,0.1343309947078385,-1.1606237883372077,1.2951983812611574,-0.27912974330634843,0.49375211328290064,-0.02693703268419515,0.6666405691412218,0.41280848853105767
Morocco,-0.36282445211879266,-0.3021424386087265,-0.9653777692075819,0.15503587591509083,-0.2800716638432741,-1.418631549983476,0.3841885863984605,0.048952671553098064,-0.25565926276851597,-0.02031001243331887,-0.3678625098347905,-0.14243231258263758,-0.3948056679574685,-0.15369346472807674
Mozambique,-0.6313303226638887,-2.0569926944483887,-0.32020037723301853,-2.0959505866242325,-0.4491673362320971,0.3315961613014382,0.0534064521624539,-0.9588817823506769,0.311136636456251,0.8478219299490183,0.2782666991494891,-0.4969477863770562,0.07864274932417911,0.3923290450709843
Myanmar,-0.8727727781155604,0.0,-0.6178475616317969,-0.623067835018195,0.354763067977796,-1.442025797534272e-17,-0.6786665095576397,1.0209448476890932,-0.46982921166249636,-3.350343478888483e-16,-0.8883747758680574,-0.9273328513688999,-0.8202769000185368,-0.031073233360690088
Namibia,-0.6229557820618176,-0.10772488262477946,-0.13418231563285238,-1.1561262975749664,0.6313744326971865,-0.9595151378334164,0.32649658435808854,0.6533070308828919,-0.7397090252150254,2.0204278618538254,1.035342029901462,0.15076974763484363,0.3593655846018877,0.6020486172641969
Nepal,-0.7422107027165261,-1.3564959530019671,-0.204493563539185,-0.32870135442216397,-0.5697055461409132,0.9451149182597952,0.7101701188086017,-0.5200307781372662,-0.23458186563535988,-0.02263375942752161,-0.9484767984314376,-0.7190047743950183,-0.3105747778942908,0.20247019886833087
Netherlands,1.8177995789072,1.3118593497844107,1.0072988090597126,1.083285356092933,1.2482697931332845,1.7513461203880882,-1.7267507780033058,1.27152223231219,-0.5927443530219342,0.6605028595587985,1.4815546813851141,1.7438002454645123,-1.8189157029866423,-1.8085152793349053
New Zealand,1.6847825221900312,1.0385669098687067,1.2032647883283276,1.1089394981286396,1.356899212114952,1.8111001652978413,-2.6408546452017276,1.3233068668363797,-0.6614006426183863,0.7739170797008708,1.6381796313882238,1.8235310264289133,-0.8546018132929056,-1.3544951827355374
Nicaragua,0.05279304705227859,-0.7096750923246296,0.3494646098572941,0.3414757415729351,0.48920423086777637,0.3637439615320559,-0.014461128048747373,0.8486765187284181,0.5178341594137664,0.06622255884784133,-0.20755430326771823,-0.6560587644705417,1.9159793184379081,0.9684350235102137
Niger,-1.2107056857380714,-2.1134671740574755,-0.8609100491456886,-1.4701229402903264,0.11015918585657984,-0.06574398021112299,-0.4473312430745697,-0.1992423218228531,-0.9116708070481564,0.8303068995639268,-0.5735257937552795,-0.6031742528752475,-1.060821403567733,0.09954840565966289
Nigeria,-0.4075697106542257,-0.5812676721989508,-0.39747647798323515,-2.224676002876934,-0.6084034264794757,0.36967277187382086,0.8235465927995068,0.39759729572786817,-0.49228443965068736,-0.7652820386601358,-1.2623649330694622,-0.8973005103666531,-0.10312799473897474,0.07565304915816423
North Cyprus,0.23943808889404564,0.0,0.1441154006346354,0.0,0.3594455417806705,-1.442025797534272e-17,-0.2064908580858519,-0.2794036677610632,1.2713407147287246,-0.2603754346743482,3.596934058946813e-17,-2.0736179410653896e-17,0.9314534862617325,0.23136796475443555
Norway,1.9017027660044439,1.598495982335436,1.1547052655012797,1.0285573786255129,1.5762620639240137,0.7302530314966081,-1.9840301036057333,1.1110339291847677,-0.7763190745347721,1.0482628489009986,1.3675561132786598,1.4425605526082454,-0.9003644418410038,-1.4389362318864627
Oman,1.2698466589107813,1.2430793519737737,-9.346879364658183e-16,0.5285183971762693,1.3299107773058836,-0.1091521282038425,0.0,1.0377469345857154e-15,0.423269463533972,-3.350343478888483e-16,-0.20126137861125482,0.3372657076513842,0.3216731642974715,-0.6694819225340828
Pakistan,-0.16741885254209543,-0.6943241448113953,-2.2864423418829003,-0.6897782250736497,-1.8184006241449469,0.6225261336385993,0.28949881428699603,-0.65675198737077,0.712215091709134,-0.4981174582152815,-1.6485689302036897,-0.7447047233523776,0.7828863755814148,0.46428477432845355
Palestinian Territories,-0.7069332126365975,-0.7144584526434417,-0.39354757431442894,0.04921723999853886,-1.4964346539384812,-0.7301731045891777,0.17267754804854754,-1.2511428117945866,1.6436908269614465,-0.08959849333832065,-1.2931806427876815,-0.551466377733456,0.8419044087188826,0.9875060148327556
Panama,1.2094031418708786,0.4562360880080188,0.7871589001846009,0.6210111325490991,0.49757173297783247,0.057781832690629115,0.5569562888802398,1.3043887620877561,-0.7364291186588857,-0.36616236871647984,0.40127481124386927,0.024795339245875656,0.8702594494890021,-0.3628293230504947
Paraguay,0.09634356119512376,-0.24536602758371967,0.8161993244256817,0.09717753941624928,0.16532765492906704,0.5155036911254067,0.40232967651362883,1.4529224734336401,-0.5102692935339745,-0.9325874574423394,-0.30115230238415486,-0.755320522869619,0.06231595473982535,-0.16665783854606417
Peru,0.09844248684555025,0.018126465234129818,-0.1273677797657032,0.28241693854715466,-0.056502618943599224,-0.6467060469453358,0.6830462001336536,0.5684096377322135,1.1881774781141357,-1.4798350720382139,-0.25640081658880504,-0.21122254591900233,0.6131526249821323,0.1568054018067737
Philippines,-0.3482123155118282,-0.4450011126234561,-0.009011818674925154,-0.3553230552642983,1.1128999249589886,0.07280416003131523,0.24509886544841183,1.0959499999195028,0.8616048400683884,1.1864679562294713,-0.6208909228544716,-0.28909431613778236,1.1122288137177458,0.8028851015478708
Poland,0.35965740700947435,0.67981396616642,0.9102386922467062,0.5643628160103178,0.6404796352932894,-0.3487614399000513,0.7857681697018442,0.3632644061339608,-0.22282793627197592,-1.341061095236834,1.1011338417780596,0.6122621832630916,-0.10063436738814395,-0.42712613183801806
Portugal,-0.15990674629719526,0.8478172305947588,0.539470461896688,0.9947181538306888,0.5047394851800993,-1.064168982117859,1.0023124424527143,-0.03725798771949987,0.8324328131293994,-1.1455814339719854,1.106318424478748,0.8811127748687685,0.6306493548790768,0.3513574559095672
Qatar,1.0166636760042174,2.197120545307785,0.2635965707324887,0.6433405186072532,0.7221250345127441,0.41578578882452916,-0.6324584385411843,0.14043151137435944,0.308741206220754,-3.350343478888483e-16,0.2989324788262736,0.9114269598467952,0.2623161800437294,-0.5818522254689033
Romania,-0.07329210993859082,0.5027941037188792,-0.3505609410255217,0.4968532474680635,-0.17944941639029652,-0.8034219408109056,1.124553002883189,-0.8095536404484613,0.6064736248436601,-1.5599184843642,0.43818072094780547,0.029739779884925967,0.7264529444422387,0.3497767251469929
Russia,0.08657395170696396,0.7380977792985739,0.7566508280126197,-0.0990529614605843,-0.5110061069450395,-1.8350718259970913,0.9475642506901408,-0.7907954996162977,-1.0914678604581953,0.24527522835804014,-0.79704921157892,-0.6060235291989517,0.1251393493694401,-0.13006388624162837
Rwanda,-1.479973633021665,-1.6615836668887618,-1.3932402724098842,-1.1614507287419418,0.9215945427649184,0.03909350857156553,-3.1427901152504725,0.032645946071347916,-0.9996399623653782,-3.350343478888483e-16,-0.6179546851900883,-0.050241340002055504,-0.9612621136734537,0.48237044112173205
Saudi Arabia,1.020121846629736,1.3089157947874899,0.3920591085307212,0.15035639814029758,-0.367770430719562,-0.5800011499194576,-0.4065971658094098,0.16707722476568743,0.08416683637769365,-3.350343478888483e-16,-0.9671447928784317,0.04069085361013374,0.21089988028920456,-0.5870834258616456
Senegal,-1.0105876380980319,-1.2907345770344287,-0.4472761614871423,-0.802903872349824,-0.30279647132317805,-0.29944008623840773,0.39474611710755153,0.226834279968928,-0.7157409352084609,-0.04342891251619116,-0.029481580261255195,-0.3260639611177662,-1.198254972764749,-0.17186288639792965
Serbia,-0.39724925539762773,0.19991682245954223,-0.04266408024804561,0.3614533319074935,-1.612535057184704,-0.7175125398285281,0.938723100212933,-1.6815187825546731,1.2872375693730125,-0.3995827478794759,0.13609136536690672,-0.1763108760496115,0.5773681472530554,0.5110340742310175
Sierra Leone,-1.1247755321193036,-1.636756984733554,-0.9578459880456551,-2.5303056284447525,-0.15056768349827282,0.488699589799181,0.5441293686587915,-1.567055719071149,1.234248469256703,0.9002501828756468,-0.0862895501165733,-0.8886250658717098,1.4197002163511663,1.8392480759572054
Singapore,0.9929761949855027,1.7015539499429102,0.5179335400184302,1.5748796939176999,0.6517213466344922,0.3906844957828538,-3.293484114795343,-0.09749665560376186,-1.0958709403738662,2.6209972144072093,0.6740351487958401,1.8704475486291194,-1.4268723380244999,-1.397387034090218
Slovakia,0.442959555895848,0.8046490910319396,0.9990986467178533,0.6275117246721218,-0.6436289945204413,-0.5236590049409199,0.8941912749175135,-0.17812631752175762,0.20788717898159378,-1.0239643069927804,1.0759191231032834,0.5540798893893655,-0.17606844763704982,-0.5122808649910471
Slovenia,0.4255815384437589,0.8952606559650343,0.9389319528822,0.9718269455622381,1.2299961233327368,-0.012137888903836967,0.5508973635558969,-0.599258919910095,0.3108449781180888,-1.2026646796031828,1.111098436871461,0.8152087134378275,0.3355179449874255,-0.231271577524991
Somalia,-0.21866837730450808,0.0,-1.764864116747817,-1.7968135198464228,1.3533849443473784,-1.442025797534272e-17,-1.7686140930678693,1.5482889527609218,-0.7835808679134981,1.4290196341354504,-0.9362482371095974,-0.8415975414618876,0.952062132582074,0.5892716518145038
Somaliland region,-0.4630467510455651,0.0,0.08052097769456928,0.0,0.49666742452690404,-1.442025797534272e-17,-1.8622094501818562,0.5436278168929226,-1.7330531846294215,1.0236308546851687,3.596934058946813e-17,-2.0736179410653896e-17,-0.34168482709671877,-0.04207631517097379
South Africa,-0.4861062586134613,0.17530494373851468,0.49066783295332267,-1.7637077339236895,0.1094525650064009,-0.8974558666463897,0.40486214629754524,0.5815022864485848,-0.6500101581155278,0.4636340324278134,0.46594014075001283,0.2547287124596936,0.1930055202753957,0.3645921277007213
South Korea,0.4051663490564479,0.9721874340831522,-0.18510507308910507,1.3472945200077087,-0.6393608471466558,-0.3566288545632376,0.32095792048878463,-0.4176453119659504,-0.4391580298475113,-1.169291778754623,0.6920481038732886,0.8284779356216226,0.3340006205873608,-0.20347507836184828
South Sudan,-1.632861512405927,-1.4615564053805237,-2.164711106841376,-1.5867234119381275,-1.5032196256196209,0.3798489001975032,-0.05634822519571889,-0.9800390645309635,2.615886811317724,0.035264663382117555,-0.8146743751308319,-0.6959052380273599,2.910050617846966,4.194288633211574
Spain,0.9911068360674199,1.0259059961400732,1.132105614721969,1.3555621294920306,0.43106153686568,-0.6203306733538547,0.3359308794697615,0.22354667023666738,0.63318045742078,-0.6467923981260277,0.6745205089272778,1.0154938496093766,-0.29425814906557335,-0.8301564651631469
Sri Lanka,-1.0035592978527608,-0.09644976073443857,0.16245111873950366,0.3131947816819168,0.5662192353248378,1.3172999591791916,0.28964971362986286,0.9246155071079348,-0.8214847667290524,1.87156027278735,-0.7499211087716436,-0.16672097498784863,-0.320127535510649,0.443368829346744
Sudan,-0.9359111962002842,-0.8892257459625273,0.25496622114090967,-1.150733073391204,-1.211123098708729,-0.14853891384268944,-0.16620017622980585,-0.8307028070122622,-0.10235851757717265,-3.350343478888483e-16,-2.5520328721604004,-1.5502705675180413,-0.16731672127443384,0.5143519031277165
Suriname,0.7494887777553734,0.3768462964461657,-0.11685191720075631,-0.15590962318417156,1.1170609494280972,-0.5261664254025342,-0.02430515134119774,0.5080195745728214,-0.12054527083763691,1.5507794056745978,0.43103668686610425,-0.24150955529200147,-0.09617121944793047,-0.6335140950570952
Swaziland,-0.5005526661564476,-0.22698733449015365,0.2189591770878819,-2.5100423403870886,-0.806119399060535,-0.4953276910013622,0.8934340777934907,1.0351132655194881,-0.11218876382547174,-0.6731871393388433,-0.9326590445544156,-0.5951640009298982,0.37578589527261175,0.4610650390589104
Sweden,1.738775741168812,1.2626460595025053,0.9805325548295756,1.175926892481087,1.389734714494354,0.8898404706178962,-2.4296321797881433,1.0646560679460924,-1.010963670301315,0.5453493404074907,1.6164725376088116,1.869472451696758,-1.0066687188088126,-1.4376629569194022
Switzerland,1.8908503752639614,1.4536795249169516,1.1147536690115143,1.2952131462147447,1.4094363119541853,0.8049319724032299,-2.4572661798696767,1.006729778992308,-0.8322908613069263,1.537530227001158,1.375687698458151,1.4843354571912897,-0.9629182075333323,-1.462459549871549
Syria,-1.2584175647851328,-0.3855315789417241,-1.1732468803933223,0.02602539704314431,-1.0960136154963633,0.6072802053393868,-0.32899167349491376,-1.88069288438451,2.598382504665616,-3.350343478888483e-16,-1.6235994949577888,-0.975056078663737,0.9348110647933972,2.0856093616466453
Taiwan,0.7141556882613807,0.3587434104131261,0.3726441895910239,0.981118151985124,-0.2332400432384583,-0.04799299382836952,0.35822454965737927,1.1141519416101655,-1.6462514985253025,-0.6962760171512379,0.9639228199003751,0.9051292618008557,-0.16476878954711963,-0.6401867701485018
Tajikistan,-0.632139919865409,-1.277732806416905,-0.49438865455882025,-0.17016118406785877,0.3284869446393007,-0.0356144469887874,-0.23457536454778882,-0.5239615255737364,-0.9215091947481157,-3.350343478888483e-16,-1.094187539458102,-1.0183991767720284,-1.173469471597304,-0.47913044514809483
Tanzania,-1.4971337952146988,-1.2899932919284205,-0.2089166708400757,-1.0999775079032634,-0.3376401839436104,0.7494186747023338,0.4163590127224952,0.13541796342856124,-0.8150367337254475,1.0897309687092,-0.029064024998096485,-0.46899422108606054,0.053587264600065396,1.4470391331889212
Thailand,0.6272515261714665,0.2829113391398846,0.6940801319298378,0.3639712334584965,1.0243960846834541,2.691775050601769,0.8760093415739696,1.3988406095799575,-1.181606096264835,0.6794840887643198,-0.7812780968098699,0.0035537193439340808,-0.5311915043378622,-0.7937842476222101
Togo,-1.9522235892527255,-1.741129274904328,-3.3742679728802507,-1.4394104067667695,-0.7816532932973628,-0.2878348963574092,0.3903368562068464,-1.583007455411096,1.8248680600600864,-0.3251771322516265,-0.43625416691850427,-0.8085233807794032,0.04911207634675655,2.06089630438396
Trinidad and Tobago,0.7802315384458481,0.9539889718883028,0.518903381952925,-0.1494945473008491,0.7000766398459826,0.5507282237303615,0.9693101817449654,1.2011789750060264,-0.63222006670681,-0.5348464984551051,0.4915459159539707,0.055517807802748204,0.3657577171808838,-0.3924288515491716
Tunisia,-0.4758651705167434,0.05206703663190172,-0.8902694732480557,0.3099783632484737,-0.65952539427227,-1.2764119246034151,0.35666552769556564,-1.0873002143815147,0.3939380036320466,0.07319157922609389,-0.37458610493484434,-0.06316127449966556,-0.09708596014551468,0.1515443157591455
Turkey,-0.13461253603349124,0.47523200563424056,-0.22561520331758686,0.2961792289960353,-1.3125959494810981,-0.8677103417748507,0.09840332263016162,-1.2128262800336684,1.1443162309773998,0.5162360163191513,-0.4380974465137221,0.1907695548212078,0.7536575526524089,0.40579707734774567
Turkmenistan,0.34143430298478156,0.23602357397493923,0.9621198699941275,-0.46517952613242153,0.12390204223707814,-0.3023084657394071,0.0,-0.43957134699716366,-0.9736169296640408,-3.350343478888483e-16,-0.7513120262260866,-1.2749897818943012,-0.7235946409284042,-0.7487739210794844
Uganda,-1.0589008581211026,-1.5740581432305938,0.11003786745890907,-1.646541595494785,0.06805869089196906,0.26491810185954723,0.4969063984641313,-0.35927638678785345,0.4764786435747327,0.5676218655261228,-0.6227591007458017,-0.4779262131284788,0.08282613507824661,0.8455108984483378
Ukraine,-0.5792829178626461,-0.18027135202472724,0.5078556270265975,0.023568266491796608,-1.404590922833201,-0.9362451817050773,0.9885566345656851,-1.1222048954721622,-0.5054455615346307,-1.785915466900664,-0.07290842154794419,-0.6936295058877711,-0.0555043551923742,0.2767868681924432
United Arab Emirates,1.2616769951827025,1.6006770459247217,0.45425326793584375,0.7211549221621735,1.1078070670008164,0.20347449227714312,-0.8415400051882057,0.39028711314307474,-0.021109609713363075,-3.350343478888483e-16,0.09605895468686257,0.7569252332970502,-0.06494520970737103,-0.8377801436566285
United Kingdom,1.2772236794263339,1.1336172032545357,1.1633085980257236,1.0444252576160202,0.8922913829234541,1.9262284267386085,-1.4543095366527183,1.0180845512489158,-0.46851931770216704,-0.2668695401752873,1.0507140466603007,1.5952283227427948,-0.43556753080542526,-1.0261827618171415
United States,1.5229504736791932,1.3953010449751921,0.8391425400620661,0.9338263759981771,0.8221777686751406,1.1603248846836014,-0.383587072352128,1.1565874821752142,-0.04195079457106787,-0.4654709440757319,1.0141409152709928,1.4027297705027164,-0.0488056541570643,-0.9391134573773221
Uruguay,0.6967300113316318,0.47270206005855403,0.7094373349248092,0.6889756759177114,0.8881431632193943,-0.6332546324730949,-0.9899378279805688,0.9575472522014992,0.022190623490200553,0.7867034698022117,1.169076076493909,0.643857522588906,0.46046276846218254,-0.310539768775183
Uzbekistan,0.19846543942660128,-0.6706936727953317,0.9928486309160315,-0.22251863284103165,1.0643915403097952,0.3035207126782113,-1.0401770401673536,0.6193085220213277,-1.4360120597615373,-3.350343478888483e-16,-1.331392332015761,-1.1216230815822308,-0.04965841034172016,-0.3127947213554169
Venezuela,0.8793882499229596,0.43042881838857033,0.9590851968419659,0.2638460066063534,-0.28260161584286564,-1.1312914907637386,0.14751311555871058,1.0614207783625516,-0.49336480493252827,-0.19681307490544847,-0.91125755968356,-1.271268943345286,0.9866927248091383,-0.03800350497419546
Vietnam,-0.11105848845586422,-0.6421604010971007,0.13518938050971843,0.40250270175715114,0.8366342398473364,0.136045184504018,0.10344660135088189,-0.7313367148446283,-0.6127403568627279,1.6835293736520618,-0.5091763974756267,-0.44840600814904624,-1.2169307070366446,-0.8082453557876428
Yemen,-1.2302182096101522,-0.7409126103656021,-0.8153807057296734,-1.051154320641818,-0.6485710758567587,-0.7278308553731718,0.33357302848134873,-1.5381053774702746,0.4814282054833938,-0.2660189140332874,-1.6718953942383987,-0.935945650441635,0.6484048452859317,1.5320358524518578
Zambia,-0.5954525849852929,-0.96107540662106,-0.5466493611447693,-1.5870726412645269,0.12472322827662814,-0.1314364250480422,0.4725528439470118,0.15643864426799295,0.04988831973763801,0.44193510191762897,0.26830911071718744,-0.4788800763683728,0.7904556672011669,0.864681035684322
Zimbabwe,-1.181793335606782,-1.603197208828085,0.048685284488489015,-2.2353081224209266,-1.2154907142087874,-0.35787553666450556,0.5707201235051458,0.018659954873731625,-0.5670180564263514,-0.22812880304877806,-1.133211188018588,-1.5113149316797616,-0.006046033166326247,0.9880729455933348
